계좌명,자산군,위험도,구분,종목명,티커,수량,매입단가,매입금액,배율,현재가,거래량,전일종가,전일대비(%),거래대금,시가총액,52주 최고,최고대비(%),52주 최저,PER,EPS
메인 계좌,ETF,안전,지수,미국 전체 지수,VTI,,,,,377.39,75828,378.23,-0.22,28616728.92,308918258774,385.12,-0.02007166597,310.4,#N/A,#N/A
메인 계좌,ETF,안전,배당,배당성장주,VIG,,,,,236.48,20525,236.77,-0.12,4853752,#N/A,247.45,-0.04433218832,210.01,#N/A,#N/A
메인 계좌,ETF,안전,배당,배당가치주,SCHD,,,,,33.3,751887,33.28,0.06,25037837.1,#N/A,35.31,-0.05692438403,26.33,#N/A,#N/A
메인 계좌,채권,안전,채권,미국 종합채권(BND),BND,,,,,70.78,602625,70.81,-0.04,42653797.5,#N/A,75.23,-0.05915193407,70.68,#N/A,#N/A
메인 계좌,채권,안전,채권,미국 종합채권(AGG),AGG,,,,,95.33,181931,95.41,-0.08,17343482.23,56254234080,101.46,-0.06041789868,95.25,#N/A,#N/A
메인 계좌,ETF,주의,지수,미국 소형주,IWM,,,,,280.49,944651,281.92,-0.51,264965159,78789638256,305.18,-0.0809030736,228.44,#N/A,#N/A
메인 계좌,ETF,주의,지수,나스닥100,QQQ,,,,1,737.18,6036608,741.21,-0.52,4450066685,287897753795,748.65,-0.01532091097,555.6,#N/A,#N/A
메인 계좌,레버리지ETF,위험,지수,나스닥100 2배,QLD,,,,2,95.18,266460,96.16,-1.02,25361662.8,3616840011,101.19,-0.05939322067,56.6,#N/A,#N/A
메인 계좌,레버리지ETF,위험,지수,나스닥100 3배,TQQQ,,,,3,77.41,19438551,78.66,-1.59,1504738233,#N/A,88.09,-0.1212396413,37.32,#N/A,#N/A
메인 계좌,ETF,안전,배당,나스닥100 커버드콜·배당,JEPQ,,,,0.75,60.99,932788,61.1,-0.19,56890740.12,#N/A,61.72,-0.01182760855,53.51,#N/A,#N/A
메인 계좌,ETF,안전,지수,S&P500,SPY,,,,1,765.97,1317988,767.81,-0.24,1009539268,691256877228,779.37,-0.01719337414,629.28,#N/A,#N/A
메인 계좌,ETF,안전,지수,S&P500,VOO,,,,1,705.91,217137,707.6,-0.24,153279179.7,#N/A,716.39,-0.01462890325,578.46,#N/A,#N/A
메인 계좌,ETF,안전,지수,S&P500,IVV,,,,1,769.32,77638,771.21,-0.25,59728466.16,77440936880,783.09,-0.01758418573,632.14,#N/A,#N/A
메인 계좌,레버리지ETF,위험,지수,S&P500 2배,SSO,,,,2,70.05,147769,70.38,-0.47,10351218.45,3143223663,72.8,-0.03777472527,48.63,#N/A,#N/A
메인 계좌,레버리지ETF,위험,지수,S&P500 3배(SPXL),SPXL,,,,3,285.25,114754,287.55,-0.8,32733578.5,2414383330,303.18,-0.05913978495,168.04,#N/A,#N/A
메인 계좌,레버리지ETF,위험,지수,S&P500 3배(UPRO),UPRO,,,,3,149.28,123803,150.3,-0.68,18481311.84,#N/A,158.63,-0.05894219252,88.15,#N/A,#N/A
메인 계좌,ETF,안전,배당,S&P500 커버드콜·배당,JEPI,,,,0.75,56.55,117443,56.58,-0.05,6641401.65,#N/A,59.9,-0.05592654424,55.1,#N/A,#N/A
메인 계좌,ETF,안전,지수,다우존스30,DIA,,,,1,512.64,129452,514.3,-0.32,66362273.28,41960835321,546.75,-0.06238683128,450.44,#N/A,#N/A
메인 계좌,레버리지ETF,위험,지수,다우존스 2배,DDM,,,,2,62.33,8477,62.78,-0.72,528371.41,#N/A,71.25,-0.1251929825,49.26,#N/A,#N/A
메인 계좌,레버리지ETF,위험,지수,다우존스 3배,UDOW,,,,3,64.69,154997,65.27,-0.89,10026755.93,#N/A,79.26,-0.1838253848,46.25,#N/A,#N/A
메인 계좌,ETF,주의,반도체,반도체,SOXX,,,,2,557.83,1520373,565.72,-1.39,848109670.6,16891511565,655.95,-0.149584572,260.44,#N/A,#N/A
메인 계좌,레버리지ETF,위험,반도체,반도체 2배,USD,,,,3,92.24,39358,94.69,-2.59,3630381.92,#N/A,116.5,-0.2082403433,42.56,#N/A,#N/A
메인 계좌,레버리지ETF,위험,반도체,반도체 3배,SOXL,,,,4,140.12,5564549,146.25,-4.19,779704605.9,2414383330,302,-0.5360264901,28.12,#N/A,#N/A
메인 계좌,본주,주의,기술,아마존,AMZN,,,,2,246.7,5902489,249.27,-1.03,1456144036,2661683780566,287.2,-0.1410167131,196,19.86,12.43
메인 계좌,레버리지ETF,위험,기술,아마존 2배,AMZU,,,,4,33.44,643800,34.15,-2.08,21528672,#N/A,47.14,-0.2906236742,24.54,#N/A,#N/A
메인 계좌,본주,위험,경기소비재,테슬라,TSLA,,,,2,377.93,6241479,380.12,-0.58,2358842158,1185673376696,498.83,-0.2423671391,297.38,351.5,1.08
메인 계좌,레버리지ETF,위험,경기소비재,테슬라 2배,TSLL,,,,4,10.27,14047925,10.39,-1.15,144272189.8,#N/A,23.74,-0.5673967987,6.7,#N/A,#N/A
메인 계좌,ETF,위험,배당,테슬라 커버드콜·배당,TSLY,,,,0.75,22.66,20034,22.73,-0.31,453970.44,#N/A,48.43,-0.5321081974,20.41,#N/A,#N/A
메인 계좌,본주,주의,반도체,엔비디아,NVDA,,,,2,222.13,13772311,225.51,-1.5,3059243442,5353333117675,236.54,-0.06091992898,164.27,28.12,7.91
메인 계좌,레버리지ETF,위험,반도체,엔비디아 2배,NVDL,,,,4,34.82,2202313,35.93,-3.1,76684538.66,#N/A,43.27,-0.1952854171,21.54,#N/A,#N/A
메인 계좌,ETF,위험,배당,엔비디아 커버드콜·배당,NVDY,,,,0.75,12.46,89759,12.56,-0.8,1118397.14,#N/A,17.57,-0.2908366534,11.57,#N/A,#N/A
메인 계좌,본주,주의,반도체,브로드컴,AVGO,,,,2,348.21,4598802,354.99,-1.91,1601348844,1662201421845,495,-0.2965454545,289.96,44.48,7.83
메인 계좌,본주,위험,반도체,마이크론,MU,,,,3,1054.1,5596682,1071.88,-1.66,5899462496,1190493133726,1255,-0.1600796813,154.65,23.91,44.17
메인 계좌,레버리지ETF,위험,반도체,마이크론 2배,MUU,,,,6,35.86,6492517,37.19,-3.58,232821659.6,#N/A,62.64,-0.4275223499,1.78,#N/A,#N/A
메인 계좌,본주,위험,반도체,AMD,AMD,,,,2,615.61,7189067,614.61,0.19,4425661536,1004527210340,624.84,-0.01477178158,154.78,157.99,3.9
메인 계좌,본주,위험,반도체,인텔,INTC,,,,2,123.89,36485905,122.6,1.05,4520238770,653763019171,142.35,-0.1296803653,31.21,#N/A,-2.12
메인 계좌,본주,주의,기술,애플,AAPL,,,,2,337.47,4626448,337.02,0.13,1561287407,4911890227330,345.34,-0.02278913534,243.42,38.6,8.72
메인 계좌,본주,위험,반도체,샌디스크,SNDK,,,,3,1788.45,2499470,1816.57,-1.55,4470177122,261280130193,2354.39,-0.2403764882,93.54,24.28,73.7
메인 계좌,레버리지ETF,위험,반도체,샌디스크 2배,SNXX,,,,6,17.81,1503935,18.37,-3.05,26785082.35,#N/A,249,-0.9284738956,6.28,#N/A,#N/A
메인 계좌,본주,안전,기술,마이크로소프트,MSFT,,,,2,494.04,3702929,500.59,-1.31,1829395043,3666734524156,553.72,-0.1077801055,349.2,27.52,17.95
메인 계좌,본주,주의,소프트웨어,오라클,ORCL,,,,2,135.73,21833925,144.56,-6.11,2963518640,411379155977,322.54,-0.5791839772,114.5,21.5,6.38
메인 계좌,레버리지ETF,위험,소프트웨어,오라클 2배,ORCX,,,,4,17.99,2945790,20.49,-12.2,52994762.1,#N/A,154.95,-0.8838980316,13.71,#N/A,#N/A
메인 계좌,본주,위험,소프트웨어,팔란티어,PLTR,,,,2,191.67,6738861,191.79,0.09,1291637488,460594379134,207.52,-0.07637818042,106.37,163.49,1.17
메인 계좌,레버리지ETF,위험,소프트웨어,팔란티어 2배,PTIR,,,,4,22.17,1654188,22.17,0,36673347.96,#N/A,40.78,-0.4563511525,7.85,#N/A,#N/A
메인 계좌,본주,주의,기술,알파벳,GOOGL,,,,2,339.4,4820758,337.83,0.46,1636165265,4127176001285,408.61,-0.1693791146,235.84,17.03,19.9
메인 계좌,레버리지ETF,위험,기술,알파벳 2배,GGLL,,,,4,97.05,431345,96.23,0.85,41862032.25,#N/A,153,-0.3656862745,59.2,#N/A,#N/A
메인 계좌,본주,주의,기술,메타,META,,,,2,764.6,11681883,744.1,2.76,8931967742,1944395715757,768.65,-0.005268978078,520.26,28.78,26.56
메인 계좌,레버리지ETF,위험,기술,메타 2배,METU,,,,4,34.32,5923856,32.51,5.56,203306737.9,#N/A,45.36,-0.2433862434,16.85,#N/A,#N/A
메인 계좌,본주,주의,기술,넷플릭스,NFLX,,,,2,71.68,3927479,71.36,0.45,281521694.7,298088054457,124.86,-0.4259170271,65.08,22.58,3.17
메인 계좌,본주,안전,금융,JP모건,JPM,,,,1,337.42,894716,337.53,-0.03,301895072.7,896925155813,366.5,-0.07934515689,279.1,14.47,23.34
메인 계좌,본주,안전,금융,뱅크오브아메리카,BAC,,,,1,56.34,7067653,56,0.6,398191570,393481989431,65.22,-0.1361545538,46.12,13.09,4.31
메인 계좌,본주,안전,금융,버크셔해서웨이,BRK.B,,,,1,507.86,353944,507.17,0.14,179753999.8,1087088250000,537.74,-0.05556588686,464.01,0.01,59657.3
메인 계좌,본주,안전,금융,비자,V,,,,1,366.43,741201,361.52,1.36,271598282.4,684086009404,385.57,-0.04964079156,293.89,31.18,11.75
메인 계좌,코인,위험,코인&금,비트코인 현물(IBIT),IBIT,,,,,47.79,13349204,47.88,-0.2,637958459.2,172832325027,71.82,-0.3345864662,32.84,#N/A,#N/A
메인 계좌,코인,위험,코인&금,비트코인 현물(FBTC),FBTC,,,,,39.17,14718,39.17,0,576504.06,#N/A,58,-0.3246551724,27.12,#N/A,#N/A
메인 계좌,코인,위험,코인&금,비트코인 선물·배당,BITO,,,,,11.36,1320162,11.35,0.04,14997040.32,#N/A,20.91,-0.4567192731,7.87,#N/A,#N/A
메인 계좌,레버리지ETF,위험,코인&금,비트코인 2배(BITU),BITU,,,,4,15.62,411258,15.58,0.26,6423849.96,#N/A,64.39,-0.7574157478,7.92,#N/A,#N/A
메인 계좌,레버리지ETF,위험,코인&금,비트코인 2배(BITX),BITX,,,,4,20.01,414676,20.13,-0.6,8297666.76,#N/A,67.02,-0.7014324082,10.09,#N/A,#N/A
메인 계좌,레버리지ETF,위험,코인&금,이더리움 2배,ETHU,,,,4,30.15,163899,30.33,-0.59,4941554.85,#N/A,169.41,-0.8220293961,10.72,#N/A,#N/A
메인 계좌,금,안전,코인&금,금,GLD,,,,0.75,390.75,303548,392.88,-0.54,118611381,144381400451,514.17,-0.2400373417,342.47,5.91,66
메인 계좌,본주,주의,에너지,엑슨모빌,XOM,,,,,164.48,1237022,161.23,2.01,203465378.6,675628250681,176.41,-0.06762655178,110.39,21.14,7.77
메인 계좌,본주,위험,코인&금,비트코인 보유기업,MSTR,,,,,163.09,5206483,162.2,0.55,849125312.5,2559955905,365.21,-0.55343501,81.81,#N/A,-97.18
메인 계좌,ETF,위험,코인&금,MSTR 커버드콜·배당,MSTY,,,,,16.97,237866,16.89,0.49,4036586.02,#N/A,78.9,-0.7849176172,11.53,#N/A,#N/A
메인 계좌,본주,위험,코인&금,코인베이스,COIN,,,,,199.56,1886591,198.13,0.72,376488100,52614354114,402.16,-0.5037795902,139.11,#N/A,-3.86
메인 계좌,ETF,위험,코인&금,COIN 커버드콜·배당,CONY,,,,,20.88,58450,21.01,-0.62,1220436,#N/A,78.15,-0.7328214971,17.22,#N/A,#N/A
메인 계좌,본주,위험,기타,스페이스X,SPCX,,,,2,147.86,25288584,148.36,-0.34,3739170030,2007011584497,225.64,-0.344708385,104.83,#N/A,-0.68
메인 계좌,레버리지ETF,위험,기타,스페이스X 2배,SPCH,,,,4,9.68,565967,9.77,-0.92,5478560.56,#N/A,28.01,-0.6544091396,5.3,#N/A,#N/A
메인 계좌,본주,위험,우주항공,로켓랩,RKLB,,,,2,72,4914435,70.31,2.4,353839320,42670237792,151,-0.5231788079,37.57,#N/A,-0.28
메인 계좌,본주,위험,양자컴퓨팅,아이온큐,IONQ,,,,3,42.93,10996203,42.54,0.92,472066994.8,17055938866,84.64,-0.4927930057,25.89,#N/A,-4.32
메인 계좌,본주,안전,필수소비재,코카콜라,KO,,,,1,88.99,2002726,88.09,1.02,178222586.7,382883826318,92.49,-0.03784192886,65.35,26.81,3.32
메인 계좌,본주,주의,경기소비재,스타벅스,SBUX,,,,1,93.75,656317,94.14,-0.41,61529718.75,106988998260,110.51,-0.1516604832,77.99,54.02,1.73
메인 계좌,본주,주의,경기소비재,홈디포,HD,,,,2,292.92,1091416,296.72,-1.28,319697574.7,292243221736,411.41,-0.2880095282,289.1,20.51,14.28
메인 계좌,본주,안전,필수소비재,월마트,WMT,,,,1,109.2,7326660,110.53,-1.2,800071272,864817851934,135.16,-0.1920686594,98.88,39.51,2.76
메인 계좌,본주,안전,필수소비재,코스트코,COST,,,,1,904.15,294989,904.7,-0.06,266714304.4,400971367847,1096.5,-0.1754217966,844.06,45.39,19.88
메인 계좌,본주,위험,우주항공,조비 에비에이션,JOBY,,,,2,6.17,3500020,6.25,-1.28,21595123.4,6132204506,19.98,-0.6911911912,5.93,#N/A,-0.98